Bank,Date,Close,Currency,GlobalBankIndex
Bank of America,2022-01-03,42.16424560546875,USD,952.260009765625
Bank of America,2022-01-04,43.81685256958008,USD,981.2999877929688
Bank of America,2022-01-05,43.07728958129883,USD,984.260009765625
Bank of America,2022-01-06,43.944679260253906,USD,992.1099853515625
Bank of America,2022-01-07,44.90336608886719,USD,1007.9199829101562
Bank of America,2022-01-10,44.675106048583984,USD,1011.77001953125
Bank of America,2022-01-11,44.93075942993164,USD,1019.3400268554688
Bank of America,2022-01-12,44.611202239990234,USD,1025.3800048828125
Bank of America,2022-01-13,44.519893646240234,USD,1037.449951171875
Bank of America,2022-01-14,43.743804931640625,USD,1032.3599853515625
Bank of America,2022-01-18,42.23728561401367,USD,1013.7899780273438
Bank of America,2022-01-19,42.401634216308594,USD,1002.0399780273438
Bank of America,2022-01-20,41.77164077758789,USD,1002.0800170898438
Bank of America,2022-01-21,41.01380920410156,USD,986.47998046875
Bank of America,2022-01-24,40.675987243652344,USD,968.4400024414062
Bank of America,2022-01-25,41.479469299316406,USD,977.5399780273438
Bank of America,2022-01-26,41.908592224121094,USD,992.219970703125
Bank of America,2022-01-27,41.515987396240234,USD,991.3400268554688
Bank of America,2022-01-28,41.881202697753906,USD,989.4299926757812
Bank of America,2022-01-31,42.12771987915039,USD,994.8300170898438
Bank of America,2022-02-01,42.85816192626953,USD,1016.0599975585938
Bank of America,2022-02-02,42.812503814697266,USD,1025.02001953125
Bank of America,2022-02-03,42.39250183105469,USD,1028.1500244140625
Bank of America,2022-02-04,44.08163070678711,USD,1034.5999755859375
Bank of America,2022-02-07,44.29163360595703,USD,1048.699951171875
Bank of America,2022-02-08,45.085975646972656,USD,1063.6500244140625
Bank of America,2022-02-09,44.99467468261719,USD,1069.489990234375
Bank of America,2022-02-10,44.784671783447266,USD,1070.0899658203125
Bank of America,2022-02-11,43.752933502197266,USD,1060.550048828125
Bank of America,2022-02-14,43.29642105102539,USD,1036.68994140625
Bank of America,2022-02-15,43.63424301147461,USD,1039.6400146484375
Bank of America,2022-02-16,43.533809661865234,USD,1038.9200439453125
Bank of America,2022-02-17,42.06380844116211,USD,1019.97998046875
Bank of America,2022-02-18,41.96337127685547,USD,1014.7999877929688
Bank of America,2022-02-22,41.598167419433594,USD,1003.4199829101562
Bank of America,2022-02-23,40.885982513427734,USD,992.2999877929688
Bank of America,2022-02-24,39.808597564697266,USD,935.510009765625
Bank of America,2022-02-25,41.10512161254883,USD,962.6799926757812
Bank of America,2022-02-28,40.3564338684082,USD,936.52001953125
Bank of America,2022-03-01,38.776859283447266,USD,898.7000122070312
Bank of America,2022-03-02,39.4068603515625,USD,905.0900268554688
Bank of America,2022-03-03,38.98480987548828,USD,899.260009765625
Bank of America,2022-03-04,37.571842193603516,USD,861.1699829101562
Bank of America,2022-03-07,35.17716598510742,USD,833.3400268554688
Bank of America,2022-03-08,35.406524658203125,USD,835.27001953125
Bank of America,2022-03-09,37.65442657470703,USD,873.5700073242188
Bank of America,2022-03-10,37.314945220947266,USD,865.9400024414062
Bank of America,2022-03-11,37.00299835205078,USD,863.0700073242188
Bank of America,2022-03-14,37.801231384277344,USD,877.1599731445312
Bank of America,2022-03-15,38.076473236083984,USD,873.6099853515625
Bank of America,2022-03-16,39.26923370361328,USD,903.219970703125
Bank of America,2022-03-17,39.480255126953125,USD,913.8699951171875
Bank of America,2022-03-18,39.360984802246094,USD,914.6199951171875
Bank of America,2022-03-21,39.305931091308594,USD,911.989990234375
Bank of America,2022-03-22,40.53539276123047,USD,929.1799926757812
Bank of America,2022-03-23,39.53530502319336,USD,916.0599975585938
Bank of America,2022-03-24,39.5169563293457,USD,913.4400024414062
Bank of America,2022-03-25,40.122520446777344,USD,915.8200073242188
Bank of America,2022-03-28,39.957366943359375,USD,909.469970703125
Bank of America,2022-03-29,39.8564338684082,USD,930.8499755859375
Bank of America,2022-03-30,39.45274353027344,USD,921.4199829101562
Bank of America,2022-03-31,37.819580078125,USD,904.1900024414062
Bank of America,2022-04-01,37.52598190307617,USD,903.0999755859375
Bank of America,2022-04-04,37.461753845214844,USD,903.280029296875
Bank of America,2022-04-05,36.82867431640625,USD,889.25
Bank of America,2022-04-06,36.424964904785156,USD,873.52001953125
Bank of America,2022-04-07,36.14053726196289,USD,866.2000122070312
Bank of America,2022-04-08,36.397438049316406,USD,876.8599853515625
Bank of America,2022-04-11,36.32404327392578,USD,880.9500122070312
Bank of America,2022-04-12,35.93868637084961,USD,867.7999877929688
Bank of America,2022-04-13,35.61756134033203,USD,866.3499755859375
Bank of America,2022-04-14,34.47067642211914,USD,862.5599975585938
Bank of America,2022-04-18,35.64508819580078,USD,865.5
Bank of America,2022-04-19,36.30569839477539,USD,868.0999755859375
Bank of America,2022-04-20,36.388275146484375,USD,881.9199829101562
Bank of America,2022-04-21,35.700138092041016,USD,879.2000122070312
Bank of America,2022-04-22,34.46150588989258,USD,856.1400146484375
Bank of America,2022-04-25,34.21377944946289,USD,839.6500244140625
Bank of America,2022-04-26,33.443077087402344,USD,821.239990234375
Bank of America,2022-04-27,33.259578704833984,USD,809.7000122070312
Bank of America,2022-04-28,33.773372650146484,USD,821.75
Bank of America,2022-04-29,32.736602783203125,USD,820.5700073242188
Bank of America,2022-05-02,33.158653259277344,USD,816.1900024414062
Bank of America,2022-05-03,34.066978454589844,USD,831.0700073242188
Bank of America,2022-05-04,35.43405532836914,USD,838.47998046875
Bank of America,2022-05-05,34.44316482543945,USD,825.3300170898438
Bank of America,2022-05-06,34.3605842590332,USD,820.1900024414062
Bank of America,2022-05-09,33.36967468261719,USD,804.02001953125
Bank of America,2022-05-10,32.80998992919922,USD,803.0599975585938
Bank of America,2022-05-11,32.63566970825195,USD,807.6300048828125
Bank of America,2022-05-12,32.17692184448242,USD,799.5700073242188
Bank of America,2022-05-13,32.2686653137207,USD,813.0
Bank of America,2022-05-16,31.938364028930664,USD,810.489990234375
Bank of America,2022-05-17,33.02103042602539,USD,830.5700073242188
Bank of America,2022-05-18,32.002593994140625,USD,823.8800048828125
Bank of America,2022-05-19,31.608068466186523,USD,824.6599731445312
Bank of America,2022-05-20,31.066736221313477,USD,825.6199951171875
Bank of America,2022-05-23,32.91092300415039,USD,849.9500122070312
Bank of America,2022-05-24,32.70907211303711,USD,853.8300170898438
Bank of America,2022-05-25,32.88339614868164,USD,857.3599853515625
Bank of America,2022-05-26,33.64492416381836,USD,869.5
Bank of America,2022-05-27,33.96604919433594,USD,878.8599853515625
Bank of America,2022-05-31,34.13119888305664,USD,878.5999755859375
Bank of America,2022-06-01,33.64492416381836,USD,870.0999755859375
Bank of America,2022-06-02,33.86640167236328,USD,872.7999877929688
Bank of America,2022-06-03,33.39577102661133,USD,866.6900024414062
Bank of America,2022-06-06,33.358863830566406,USD,872.5700073242188
Bank of America,2022-06-07,33.54341506958008,USD,870.6599731445312
Bank of America,2022-06-08,33.11893844604492,USD,859.780029296875
Bank of America,2022-06-09,31.845481872558594,USD,842.5399780273438
Bank of America,2022-06-10,30.60894775390625,USD,807.75
Bank of America,2022-06-13,29.547740936279297,USD,787.0599975585938
Bank of America,2022-06-14,29.030975341796875,USD,786.510009765625
Bank of America,2022-06-15,29.575420379638672,USD,799.4299926757812
Bank of America,2022-06-16,29.39086151123047,USD,789.5900268554688
Bank of America,2022-06-17,29.455459594726562,USD,786.27001953125
Bank of America,2022-06-21,30.31365394592285,USD,811.2100219726562
Bank of America,2022-06-22,30.08295249938965,USD,806.7899780273438
Bank of America,2022-06-23,29.603107452392578,USD,788.8300170898438
Bank of America,2022-06-24,29.81534767150879,USD,806.780029296875
Bank of America,2022-06-27,29.852258682250977,USD,807.780029296875
Bank of America,2022-06-28,29.769207000732422,USD,808.010009765625
Bank of America,2022-06-29,29.400094985961914,USD,799.5700073242188
Bank of America,2022-06-30,28.72645378112793,USD,782.530029296875
Bank of America,2022-07-01,29.123254776000977,USD,782.5999755859375
Bank of America,2022-07-05,28.827960968017578,USD,766.9500122070312
Bank of America,2022-07-06,28.58803939819336,USD,757.02001953125
Bank of America,2022-07-07,29.400094985961914,USD,767.7899780273438
Bank of America,2022-07-08,29.33549690246582,USD,770.6400146484375
Bank of America,2022-07-11,29.030975341796875,USD,760.0399780273438
Bank of America,2022-07-12,28.93869400024414,USD,757.1599731445312
Bank of America,2022-07-13,28.458845138549805,USD,748.530029296875
Bank of America,2022-07-14,27.803659439086914,USD,723.3400268554688
Bank of America,2022-07-15,29.759979248046875,USD,743.1199951171875
Bank of America,2022-07-18,29.769207000732422,USD,756.8400268554688
Bank of America,2022-07-19,30.775047302246094,USD,777.9400024414062
Bank of America,2022-07-20,30.784273147583008,USD,777.239990234375
Bank of America,2022-07-21,31.05188751220703,USD,778.2899780273438
Bank of America,2022-07-22,30.8488712310791,USD,775.4299926757812
Bank of America,2022-07-25,31.125701904296875,USD,781.9600219726562
Bank of America,2022-07-26,30.498207092285156,USD,769.7000122070312
Bank of America,2022-07-27,30.996524810791016,USD,777.9400024414062
Bank of America,2022-07-28,30.74736213684082,USD,781.010009765625
Bank of America,2022-07-29,31.199535369873047,USD,792.3800048828125
Bank of America,2022-08-01,31.107250213623047,USD,795.780029296875
Bank of America,2022-08-02,30.488981246948242,USD,784.760009765625
Bank of America,2022-08-03,31.04265785217285,USD,789.6500244140625
Bank of America,2022-08-04,30.821184158325195,USD,792.4600219726562
Bank of America,2022-08-05,31.33794593811035,USD,795.030029296875
Bank of America,2022-08-08,30.90424346923828,USD,798.8900146484375
Bank of America,2022-08-09,31.301034927368164,USD,797.3099975585938
Bank of America,2022-08-10,32.36225128173828,USD,814.5700073242188
Bank of America,2022-08-11,33.13739013671875,USD,820.4000244140625
Bank of America,2022-08-12,33.497283935546875,USD,826.97998046875
Bank of America,2022-08-15,33.45114517211914,USD,823.219970703125
Bank of America,2022-08-16,33.81101989746094,USD,822.989990234375
Bank of America,2022-08-17,33.59878921508789,USD,816.4299926757812
Bank of America,2022-08-18,33.47882080078125,USD,814.1599731445312
Bank of America,2022-08-19,32.74059295654297,USD,795.6500244140625
Bank of America,2022-08-22,32.039268493652344,USD,783.75
Bank of America,2022-08-23,31.753210067749023,USD,783.4099731445312
Bank of America,2022-08-24,31.85470962524414,USD,781.2999877929688
Bank of America,2022-08-25,32.42683792114258,USD,788.9400024414062
Bank of America,2022-08-26,31.402545928955078,USD,776.0800170898438
Bank of America,2022-08-29,31.28258514404297,USD,771.9199829101562
Bank of America,2022-08-30,31.457914352416992,USD,773.4099731445312
Bank of America,2022-08-31,31.014968872070312,USD,773.239990234375
Bank of America,2022-09-01,31.08928871154785,USD,762.969970703125
Bank of America,2022-09-02,31.052127838134766,USD,775.1300048828125
Bank of America,2022-09-06,30.70844841003418,USD,763.2100219726562
Bank of America,2022-09-07,31.182167053222656,USD,762.77001953125
Bank of America,2022-09-08,32.18535232543945,USD,779.8200073242188
Bank of America,2022-09-09,32.45471954345703,USD,795.9400024414062
Bank of America,2022-09-12,32.761253356933594,USD,810.8800048828125
Bank of America,2022-09-13,31.581584930419922,USD,792.0399780273438
Bank of America,2022-09-14,31.460830688476562,USD,789.9600219726562
Bank of America,2022-09-15,32.05530548095703,USD,795.780029296875
Bank of America,2022-09-16,31.693050384521484,USD,789.0800170898438
Bank of America,2022-09-19,32.222503662109375,USD,790.5599975585938
Bank of America,2022-09-20,31.739490509033203,USD,782.9000244140625
Bank of America,2022-09-21,30.79204750061035,USD,771.1300048828125
Bank of America,2022-09-22,30.18828010559082,USD,763.8099975585938
Bank of America,2022-09-23,29.473051071166992,USD,739.0800170898438
Bank of America,2022-09-26,28.822839736938477,USD,725.3599853515625
Bank of America,2022-09-27,28.395559310913086,USD,716.0900268554688
Bank of America,2022-09-28,28.859994888305664,USD,712.47998046875
Bank of America,2022-09-29,28.47916030883789,USD,703.0999755859375
Bank of America,2022-09-30,28.051877975463867,USD,705.9600219726562
Bank of America,2022-10-03,28.878572463989258,USD,713.7899780273438
Bank of America,2022-10-04,30.07681655883789,USD,744.1900024414062
Bank of America,2022-10-05,29.6495361328125,USD,736.0800170898438
Bank of America,2022-10-06,29.222253799438477,USD,726.25
Bank of America,2022-10-07,28.562755584716797,USD,718.22998046875
Bank of America,2022-10-10,28.47916030883789,USD,711.7999877929688
Bank of America,2022-10-11,27.652463912963867,USD,700.5999755859375
Bank of America,2022-10-12,27.73606300354004,USD,695.3099975585938
Bank of America,2022-10-13,29.435894012451172,USD,716.3400268554688
Bank of America,2022-10-14,29.4451847076416,USD,717.5800170898438
Bank of America,2022-10-17,31.228612899780273,USD,733.7000122070312
Bank of America,2022-10-18,32.398990631103516,USD,742.3300170898438
Bank of America,2022-10-19,31.50727081298828,USD,735.3300170898438
Bank of America,2022-10-20,31.302927017211914,USD,737.9600219726562
Bank of America,2022-10-21,32.46400833129883,USD,747.1599731445312
Bank of America,2022-10-24,32.575477600097656,USD,755.1099853515625
Bank of America,2022-10-25,32.872718811035156,USD,764.8800048828125
Bank of America,2022-10-26,33.16066360473633,USD,767.510009765625
Bank of America,2022-10-27,33.318572998046875,USD,763.9199829101562
Bank of America,2022-10-28,33.60652160644531,USD,762.6500244140625
Bank of America,2022-10-31,33.476478576660156,USD,758.1099853515625
Bank of America,2022-11-01,33.625099182128906,USD,764.760009765625
Bank of America,2022-11-02,33.52292251586914,USD,765.02001953125
Bank of America,2022-11-03,33.33715057373047,USD,757.6799926757812
Bank of America,2022-11-04,34.173133850097656,USD,779.4299926757812
Bank of America,2022-11-07,34.377479553222656,USD,786.0700073242188
Bank of America,2022-11-08,34.47037124633789,USD,792.5999755859375
Bank of America,2022-11-09,33.92233657836914,USD,784.1099853515625
Bank of America,2022-11-10,35.41781997680664,USD,808.47998046875
Bank of America,2022-11-11,35.67790222167969,USD,824.7899780273438
Bank of America,2022-11-14,35.07413864135742,USD,820.27001953125
Bank of America,2022-11-15,35.018402099609375,USD,829.5499877929688
Bank of America,2022-11-16,34.70259094238281,USD,823.0499877929688
Bank of America,2022-11-17,34.52609634399414,USD,818.7000122070312
Bank of America,2022-11-18,34.54468536376953,USD,823.9400024414062
Bank of America,2022-11-21,34.656150817871094,USD,820.510009765625
Bank of America,2022-11-22,34.82334518432617,USD,830.1799926757812
Bank of America,2022-11-23,34.93479919433594,USD,834.719970703125
Bank of America,2022-11-25,35.018402099609375,USD,842.7100219726562
Bank of America,2022-11-28,34.238155364990234,USD,828.1500244140625
Bank of America,2022-11-29,34.36819076538086,USD,836.0599975585938
Bank of America,2022-11-30,35.15773010253906,USD,838.739990234375
Bank of America,2022-12-01,34.14868927001953,USD,837.6599731445312
Bank of America,2022-12-02,33.70956802368164,USD,832.6400146484375
Bank of America,2022-12-05,32.205345153808594,USD,826.25
Bank of America,2022-12-06,30.831924438476562,USD,819.760009765625
Bank of America,2022-12-07,30.589006423950195,USD,817.6799926757812
Bank of America,2022-12-08,30.3087100982666,USD,819.7000122070312
Bank of America,2022-12-09,30.252653121948242,USD,826.5399780273438
Bank of America,2022-12-12,30.57965850830078,USD,826.6799926757812
Bank of America,2022-12-13,30.598346710205078,USD,838.9000244140625
Bank of America,2022-12-14,30.159223556518555,USD,831.3099975585938
Bank of America,2022-12-15,29.682735443115234,USD,814.6199951171875
Bank of America,2022-12-16,29.61733055114746,USD,814.77001953125
Bank of America,2022-12-19,29.95368194580078,USD,813.77001953125
Bank of America,2022-12-20,30.075136184692383,USD,829.3699951171875
Bank of America,2022-12-21,30.532943725585938,USD,841.8800048828125
Bank of America,2022-12-22,30.26199722290039,USD,838.3699951171875
Bank of America,2022-12-23,30.33674430847168,USD,841.8699951171875
Bank of America,2022-12-27,30.39280128479004,USD,843.0700073242188
Bank of America,2022-12-28,30.617036819458008,USD,844.47998046875
Bank of America,2022-12-29,30.962722778320312,USD,849.8400268554688
Bank of America,2022-12-30,30.944034576416016,USD,847.5599975585938
Bank of America,2023-01-03,31.308414459228516,USD,861.52001953125
Bank of America,2023-01-04,31.89702606201172,USD,883.0999755859375
Bank of America,2023-01-05,31.831623077392578,USD,877.6799926757812
Bank of America,2023-01-06,32.149288177490234,USD,889.0900268554688
Bank of America,2023-01-09,31.6634521484375,USD,894.8099975585938
Bank of America,2023-01-10,31.878334045410156,USD,893.4500122070312
Bank of America,2023-01-11,32.12125778198242,USD,898.1900024414062
Bank of America,2023-01-12,32.205345153808594,USD,916.260009765625
Bank of America,2023-01-13,32.91541290283203,USD,929.9000244140625
Bank of America,2023-01-17,32.25205993652344,USD,927.3800048828125
Bank of America,2023-01-18,31.50461769104004,USD,925.530029296875
Bank of America,2023-01-19,31.046812057495117,USD,910.52001953125
Bank of America,2023-01-20,31.626079559326172,USD,922.469970703125
Bank of America,2023-01-23,32.06520080566406,USD,929.7899780273438
Bank of America,2023-01-24,32.298770904541016,USD,935.2000122070312
Bank of America,2023-01-25,32.57905578613281,USD,937.5900268554688
Bank of America,2023-01-26,33.0181884765625,USD,948.1300048828125
Bank of America,2023-01-27,33.12095642089844,USD,955.0999755859375
Bank of America,2023-01-30,32.980812072753906,USD,950.5
Bank of America,2023-01-31,33.14899444580078,USD,955.030029296875
Bank of America,2023-02-01,33.56007766723633,USD,962.280029296875
Bank of America,2023-02-02,33.75628662109375,USD,960.1099853515625
Bank of America,2023-02-03,34.03657531738281,USD,954.5999755859375
Bank of America,2023-02-06,33.98051071166992,USD,941.280029296875
Bank of America,2023-02-07,34.35423278808594,USD,953.8599853515625
Bank of America,2023-02-08,34.10197448730469,USD,958.4099731445312
Bank of America,2023-02-09,33.373226165771484,USD,958.1599731445312
Bank of America,2023-02-10,33.24242401123047,USD,951.010009765625
Bank of America,2023-02-13,33.307823181152344,USD,954.4500122070312
Bank of America,2023-02-14,33.279788970947266,USD,958.2999877929688
Bank of America,2023-02-15,33.223731994628906,USD,951.97998046875
Bank of America,2023-02-16,32.962127685546875,USD,958.0499877929688
Bank of America,2023-02-17,33.027523040771484,USD,956.4400024414062
Bank of America,2023-02-21,32.25205993652344,USD,948.8599853515625
Bank of America,2023-02-22,32.03717041015625,USD,938.530029296875
Bank of America,2023-02-23,32.00914001464844,USD,940.5800170898438
Bank of America,2023-02-24,31.96242904663086,USD,932.3499755859375
Bank of America,2023-02-27,31.96242904663086,USD,943.5499877929688
Bank of America,2023-02-28,32.0465087890625,USD,948.530029296875
Bank of America,2023-03-01,31.89702606201172,USD,944.4199829101562
Bank of America,2023-03-02,31.49266815185547,USD,935.1799926757812
Bank of America,2023-03-03,32.122711181640625,USD,950.219970703125
Bank of America,2023-03-06,32.056884765625,USD,957.9299926757812
Bank of America,2023-03-07,31.03189468383789,USD,941.25
Bank of America,2023-03-08,30.618135452270508,USD,938.969970703125
Bank of America,2023-03-09,28.71860694885254,USD,923.1699829101562
Bank of America,2023-03-10,28.464710235595703,USD,900.6099853515625
Bank of America,2023-03-13,26.809675216674805,USD,862.1300048828125
Bank of America,2023-03-14,27.044767379760742,USD,867.5800170898438
Bank of America,2023-03-15,26.790864944458008,USD,825.0599975585938
Bank of America,2023-03-16,27.24224090576172,USD,835.4400024414062
Bank of America,2023-03-17,26.16082763671875,USD,819.739990234375
Bank of America,2023-03-20,26.095001220703125,USD,806.510009765625
Bank of America,2023-03-21,26.884904861450195,USD,830.8900146484375
Bank of America,2023-03-22,25.991559982299805,USD,824.8599853515625
Bank of America,2023-03-23,25.36151695251465,USD,817.2899780273438
Bank of America,2023-03-24,25.52138328552246,USD,794.719970703125
Bank of America,2023-03-27,26.790864944458008,USD,806.1599731445312
Bank of America,2023-03-28,26.442934036254883,USD,813.510009765625
Bank of America,2023-03-29,26.960128784179688,USD,826.0499877929688
Bank of America,2023-03-30,26.612199783325195,USD,831.0700073242188
Bank of America,2023-03-31,26.894306182861328,USD,834.4400024414062
Bank of America,2023-04-03,26.884904861450195,USD,840.5700073242188
Bank of America,2023-04-04,26.3112850189209,USD,839.8699951171875
Bank of America,2023-04-05,25.991559982299805,USD,834.5700073242188
Bank of America,2023-04-06,26.17963409423828,USD,841.530029296875
Bank of America,2023-04-10,26.27366828918457,USD,841.510009765625
Bank of America,2023-04-11,26.997743606567383,USD,850.0499877929688
Bank of America,2023-04-12,26.781463623046875,USD,855.3300170898438
Bank of America,2023-04-13,26.8566951751709,USD,860.75
Bank of America,2023-04-14,27.759437561035156,USD,876.989990234375
Bank of America,2023-04-17,28.558746337890625,USD,870.02001953125
Bank of America,2023-04-18,28.73741340637207,USD,880.280029296875
Bank of America,2023-04-19,28.26723289489746,USD,882.7100219726562
Bank of America,2023-04-20,28.116775512695312,USD,878.4000244140625
Bank of America,2023-04-21,28.088563919067383,USD,871.1400146484375
Bank of America,2023-04-24,27.985124588012695,USD,869.52001953125
Bank of America,2023-04-25,27.119991302490234,USD,852.3499755859375
Bank of America,2023-04-26,26.743846893310547,USD,848.9199829101562
Bank of America,2023-04-27,27.167011260986328,USD,858.4500122070312
Bank of America,2023-04-28,27.533750534057617,USD,857.3099975585938
Bank of America,2023-05-01,27.30806541442871,USD,856.0599975585938
Bank of America,2023-05-02,26.48055076599121,USD,842.1799926757812
Bank of America,2023-05-03,26.198436737060547,USD,839.489990234375
Bank of America,2023-05-04,25.380325317382812,USD,832.010009765625
Bank of America,2023-05-05,26.057388305664062,USD,852.1199951171875
Bank of America,2023-05-08,26.038578033447266,USD,858.1400146484375
Bank of America,2023-05-09,26.0103702545166,USD,855.22998046875
Bank of America,2023-05-10,25.690645217895508,USD,850.489990234375
Bank of America,2023-05-11,25.7564697265625,USD,847.1199951171875
Bank of America,2023-05-12,25.474361419677734,USD,841.3300170898438
Bank of America,2023-05-15,26.000965118408203,USD,850.75
Bank of America,2023-05-16,25.728260040283203,USD,846.1599731445312
Bank of America,2023-05-17,26.866092681884766,USD,854.6599731445312
Bank of America,2023-05-18,26.772058486938477,USD,859.5900268554688
Bank of America,2023-05-19,26.43353271484375,USD,856.8300170898438
Bank of America,2023-05-22,26.64981460571289,USD,859.3400268554688
Bank of America,2023-05-23,26.875499725341797,USD,859.530029296875
Bank of America,2023-05-24,26.42412567138672,USD,843.280029296875
Bank of America,2023-05-25,26.489953994750977,USD,838.25
Bank of America,2023-05-26,26.621601104736328,USD,842.1699829101562
Bank of America,2023-05-30,26.5745849609375,USD,837.9400024414062
Bank of America,2023-05-31,26.132617950439453,USD,822.5700073242188
Bank of America,2023-06-01,26.331666946411133,USD,833.4099731445312
Bank of America,2023-06-02,27.213180541992188,USD,851.75
Bank of America,2023-06-05,27.052043914794922,USD,848.8400268554688
Bank of America,2023-06-06,27.70606803894043,USD,856.6400146484375
Bank of America,2023-06-07,27.943035125732422,USD,861.3300170898438
Bank of America,2023-06-08,27.70606803894043,USD,866.3300170898438
Bank of America,2023-06-09,27.743986129760742,USD,865.8099975585938
Bank of America,2023-06-12,27.61128044128418,USD,863.010009765625
Bank of America,2023-06-13,27.86720848083496,USD,868.7899780273438
Bank of America,2023-06-14,27.601806640625,USD,873.2899780273438
Bank of America,2023-06-15,27.83877182006836,USD,873.3499755859375
Bank of America,2023-06-16,27.668155670166016,USD,873.780029296875
Bank of America,2023-06-20,27.364837646484375,USD,869.22998046875
Bank of America,2023-06-21,27.08047866821289,USD,869.7899780273438
Bank of America,2023-06-22,26.502281188964844,USD,860.469970703125
Bank of America,2023-06-23,26.303232192993164,USD,848.3900146484375
Bank of America,2023-06-26,26.625503540039062,USD,850.6799926757812
Bank of America,2023-06-27,26.767683029174805,USD,861.02001953125
Bank of America,2023-06-28,26.606544494628906,USD,861.47998046875
Bank of America,2023-06-29,27.165788650512695,USD,872.780029296875
Bank of America,2023-06-30,27.194225311279297,USD,879.9400024414062
Bank of America,2023-07-03,27.67763328552246,USD,890.030029296875
Bank of America,2023-07-05,27.56389045715332,USD,881.5800170898438
Bank of America,2023-07-06,26.80560302734375,USD,851.719970703125
Bank of America,2023-07-07,27.042564392089844,USD,858.3099975585938
Bank of America,2023-07-10,27.165788650512695,USD,856.6799926757812
Bank of America,2023-07-11,27.507017135620117,USD,864.1599731445312
Bank of America,2023-07-12,27.829296112060547,USD,881.5399780273438
Bank of America,2023-07-13,28.12312889099121,USD,890.7999877929688
Bank of America,2023-07-14,27.59232521057129,USD,882.3099975585938
Bank of America,2023-07-17,27.86720848083496,USD,886.27001953125
Bank of America,2023-07-18,29.099428176879883,USD,899.239990234375
Bank of America,2023-07-19,29.88615608215332,USD,902.239990234375
Bank of America,2023-07-20,30.03781509399414,USD,905.9199829101562
Bank of America,2023-07-21,30.312698364257812,USD,904.030029296875
Bank of America,2023-07-24,30.947765350341797,USD,906.6500244140625
Bank of America,2023-07-25,30.473834991455078,USD,908.2999877929688
Bank of America,2023-07-26,30.72027587890625,USD,911.8499755859375
Bank of America,2023-07-27,30.284259796142578,USD,907.9400024414062
Bank of America,2023-07-28,30.236865997314453,USD,917.5399780273438
Bank of America,2023-07-31,30.331655502319336,USD,922.6599731445312
Bank of America,2023-08-01,29.971464157104492,USD,911.3200073242188
Bank of America,2023-08-02,29.56388282775879,USD,894.5399780273438
Bank of America,2023-08-03,29.772409439086914,USD,900.0599975585938
Bank of America,2023-08-04,29.668148040771484,USD,906.77001953125
Bank of America,2023-08-07,30.21790885925293,USD,908.719970703125
Bank of America,2023-08-08,29.639713287353516,USD,891.6300048828125
Bank of America,2023-08-09,29.251087188720703,USD,891.530029296875
Bank of America,2023-08-10,29.326919555664062,USD,897.75
Bank of America,2023-08-11,29.658672332763672,USD,895.3099975585938
Bank of America,2023-08-14,29.317440032958984,USD,887.469970703125
Bank of America,2023-08-15,28.379053115844727,USD,878.0
Bank of America,2023-08-16,27.762943267822266,USD,868.25
Bank of America,2023-08-17,27.753463745117188,USD,867.9400024414062
Bank of America,2023-08-18,27.59232521057129,USD,862.6500244140625
Bank of America,2023-08-21,27.63024139404297,USD,859.5999755859375
Bank of America,2023-08-22,26.957256317138672,USD,858.4500122070312
Bank of America,2023-08-23,26.96673583984375,USD,862.8300170898438
Bank of America,2023-08-24,27.12787437438965,USD,863.780029296875
Bank of America,2023-08-25,27.014129638671875,USD,859.27001953125
Bank of America,2023-08-28,27.26057243347168,USD,871.530029296875
Bank of America,2023-08-29,27.64919662475586,USD,881.4199829101562
Bank of America,2023-08-30,27.525978088378906,USD,884.5700073242188
Bank of America,2023-08-31,27.401729583740234,USD,880.4000244140625
Bank of America,2023-09-01,27.69801139831543,USD,882.52001953125
Bank of America,2023-09-05,27.382610321044922,USD,877.5599975585938
Bank of America,2023-09-06,27.134113311767578,USD,871.3599853515625
Bank of America,2023-09-07,26.88561248779297,USD,867.1400146484375
Bank of America,2023-09-08,27.105440139770508,USD,867.5800170898438
Bank of America,2023-09-11,27.220130920410156,USD,880.5499877929688
Bank of America,2023-09-12,27.68845558166504,USD,886.969970703125
Bank of America,2023-09-13,27.60243797302246,USD,893.9299926757812
Bank of America,2023-09-14,27.908283233642578,USD,905.77001953125
Bank of America,2023-09-15,27.564208984375,USD,902.489990234375
Bank of America,2023-09-18,27.487743377685547,USD,893.8599853515625
Bank of America,2023-09-19,27.382610321044922,USD,899.97998046875
Bank of America,2023-09-20,27.287033081054688,USD,902.0399780273438
Bank of America,2023-09-21,26.80915069580078,USD,894.030029296875
Bank of America,2023-09-22,26.417287826538086,USD,888.5999755859375
Bank of America,2023-09-25,26.379058837890625,USD,880.1799926757812
Bank of America,2023-09-26,25.968082427978516,USD,875.0700073242188
Bank of America,2023-09-27,26.063655853271484,USD,873.6799926757812
Bank of America,2023-09-28,26.340829849243164,USD,878.8099975585938
Bank of America,2023-09-29,26.168790817260742,USD,878.489990234375
Bank of America,2023-10-02,25.518875122070312,USD,865.5399780273438
Bank of America,2023-10-03,24.76382064819336,USD,848.0999755859375
Bank of America,2023-10-04,24.79249382019043,USD,844.9500122070312
Bank of America,2023-10-05,24.90718650817871,USD,852.5
Bank of America,2023-10-06,24.9167423248291,USD,862.5599975585938
Bank of America,2023-10-09,25.14612579345703,USD,858.969970703125
Bank of America,2023-10-10,25.815160751342773,USD,873.4299926757812
Bank of America,2023-10-11,25.82472038269043,USD,874.6900024414062
Bank of America,2023-10-12,25.710023880004883,USD,873.8099975585938
Bank of America,2023-10-13,25.57621955871582,USD,863.6900024414062
Bank of America,2023-10-16,25.796045303344727,USD,870.5499877929688
Bank of America,2023-10-17,26.398174285888672,USD,876.3900146484375
Bank of America,2023-10-18,26.101886749267578,USD,866.3599853515625
Bank of America,2023-10-19,25.767370223999023,USD,854.3400268554688
Bank of America,2023-10-20,25.14612579345703,USD,842.739990234375
Bank of America,2023-10-23,24.438861846923828,USD,840.5900268554688
Bank of America,2023-10-24,24.343284606933594,USD,833.4500122070312
Bank of America,2023-10-25,24.41974449157715,USD,835.8800048828125
Bank of America,2023-10-26,24.96453285217285,USD,833.27001953125
Bank of America,2023-10-27,24.056554794311523,USD,829.0800170898438
Bank of America,2023-10-30,24.55355453491211,USD,832.3699951171875
Bank of America,2023-10-31,25.1747989654541,USD,834.5999755859375
Bank of America,2023-11-01,25.23214340209961,USD,840.1699829101562
Bank of America,2023-11-02,26.398174285888672,USD,855.9299926757812
Bank of America,2023-11-03,27.162784576416016,USD,872.0599975585938
Bank of America,2023-11-06,27.076766967773438,USD,868.780029296875
Bank of America,2023-11-07,26.91428565979004,USD,860.4000244140625
Bank of America,2023-11-08,26.656230926513672,USD,855.5700073242188
Bank of America,2023-11-09,26.31215476989746,USD,855.9000244140625
Bank of America,2023-11-10,26.455520629882812,USD,855.7000122070312
Bank of America,2023-11-13,26.47463607788086,USD,862.8800048828125
Bank of America,2023-11-14,27.927396774291992,USD,883.0
Bank of America,2023-11-15,28.309703826904297,USD,892.8599853515625
Bank of America,2023-11-16,28.233240127563477,USD,891.1300048828125
Bank of America,2023-11-17,28.65377426147461,USD,900.77001953125
Bank of America,2023-11-20,28.68244743347168,USD,907.530029296875
Bank of America,2023-11-21,28.347932815551758,USD,901.52001953125
Bank of America,2023-11-22,28.319259643554688,USD,898.2999877929688
Bank of America,2023-11-24,28.414836883544922,USD,904.1400146484375
Bank of America,2023-11-27,28.252357482910156,USD,902.0
Bank of America,2023-11-28,28.223682403564453,USD,903.5700073242188
Bank of America,2023-11-29,28.96917724609375,USD,906.3499755859375
Bank of America,2023-11-30,29.373802185058594,USD,913.6099853515625
Bank of America,2023-12-01,29.826595306396484,USD,916.22998046875
Bank of America,2023-12-04,29.691720962524414,USD,915.7999877929688
Bank of America,2023-12-05,29.460506439208984,USD,910.5
Bank of America,2023-12-06,29.412336349487305,USD,914.719970703125
Bank of America,2023-12-07,29.537578582763672,USD,917.4000244140625
Bank of America,2023-12-08,29.826595306396484,USD,926.3400268554688
Bank of America,2023-12-11,29.720623016357422,USD,925.1500244140625
Bank of America,2023-12-12,29.61465072631836,USD,926.6400146484375
Bank of America,2023-12-13,30.8670597076416,USD,935.3099975585938
Bank of America,2023-12-14,32.6974983215332,USD,959.0999755859375
Bank of America,2023-12-15,32.36994552612305,USD,953.3400268554688
Bank of America,2023-12-18,32.20616912841797,USD,946.77001953125
Bank of America,2023-12-19,32.283241271972656,USD,953.8499755859375
Bank of America,2023-12-20,31.772645950317383,USD,950.0599975585938
Bank of America,2023-12-21,31.984594345092773,USD,955.7100219726562
Bank of America,2023-12-22,32.20616912841797,USD,961.0900268554688
Bank of America,2023-12-26,32.62042999267578,USD,962.5900268554688
Bank of America,2023-12-27,32.601165771484375,USD,971.5399780273438
Bank of America,2023-12-28,32.639705657958984,USD,973.3800048828125
Bank of America,2023-12-29,32.437381744384766,USD,973.6500244140625
Bank of America,2024-01-02,32.658966064453125,USD,970.9600219726562
Bank of America,2024-01-03,32.30250930786133,USD,960.1599731445312
Bank of America,2024-01-04,32.56262969970703,USD,969.719970703125
Bank of America,2024-01-05,33.1695671081543,USD,977.8499755859375
Bank of America,2024-01-08,32.90945053100586,USD,976.760009765625
Bank of America,2024-01-09,32.39884948730469,USD,967.5700073242188
Bank of America,2024-01-10,32.36994552612305,USD,962.4199829101562
Bank of America,2024-01-11,31.936424255371094,USD,951.5800170898438
Bank of America,2024-01-12,31.599239349365234,USD,951.4600219726562
Bank of America,2024-01-16,30.944129943847656,USD,937.2100219726562
Bank of America,2024-01-17,30.63584327697754,USD,924.9600219726562
Bank of America,2024-01-18,30.568408966064453,USD,927.1599731445312
Bank of America,2024-01-19,31.04047203063965,USD,933.1599731445312
Bank of America,2024-01-22,31.35838508605957,USD,937.3599853515625
Bank of America,2024-01-23,31.57033348083496,USD,940.010009765625
Bank of America,2024-01-24,31.772645950317383,USD,959.2000122070312
Bank of America,2024-01-25,32.167633056640625,USD,959.719970703125
Bank of America,2024-01-26,32.20616912841797,USD,960.3800048828125
Bank of America,2024-01-29,32.379581451416016,USD,962.1099853515625
Bank of America,2024-01-30,33.516387939453125,USD,968.3400268554688
Bank of America,2024-01-31,32.76493835449219,USD,968.6400146484375
Bank of America,2024-02-01,32.321781158447266,USD,955.489990234375
Bank of America,2024-02-02,32.24470901489258,USD,958.0900268554688
Bank of America,2024-02-05,31.78228187561035,USD,949.3400268554688
Bank of America,2024-02-06,31.830455780029297,USD,953.47998046875
Bank of America,2024-02-07,31.965330123901367,USD,948.3699951171875
Bank of America,2024-02-08,31.907520294189453,USD,939.8900146484375
Bank of America,2024-02-09,31.85934829711914,USD,937.9199829101562
Bank of America,2024-02-12,32.38921356201172,USD,943.3900146484375
Bank of America,2024-02-13,31.55106544494629,USD,932.0999755859375
Bank of America,2024-02-14,31.917160034179688,USD,938.0
Bank of America,2024-02-15,32.8227424621582,USD,951.6799926757812
Bank of America,2024-02-16,32.842010498046875,USD,958.7000122070312
Bank of America,2024-02-20,32.716773986816406,USD,971.97998046875
Bank of America,2024-02-21,32.46628952026367,USD,972.3499755859375
Bank of America,2024-02-22,32.379581451416016,USD,980.2999877929688
Bank of America,2024-02-23,32.6782341003418,USD,986.8400268554688
Bank of America,2024-02-26,32.379581451416016,USD,982.4199829101562
Bank of America,2024-02-27,33.02505111694336,USD,989.3800048828125
Bank of America,2024-02-28,33.053958892822266,USD,986.9600219726562
Bank of America,2024-02-29,33.49053955078125,USD,990.5900268554688
Bank of America,2024-03-01,33.32560348510742,USD,996.3400268554688
Bank of America,2024-03-04,34.101749420166016,USD,1000.510009765625
Bank of America,2024-03-05,34.33458709716797,USD,1004.5599975585938
Bank of America,2024-03-06,34.36369323730469,USD,1009.6699829101562
Bank of America,2024-03-07,34.567440032958984,USD,1016.27001953125
Bank of America,2024-03-08,34.538326263427734,USD,1025.27001953125
Bank of America,2024-03-11,34.819679260253906,USD,1021.2899780273438
Bank of America,2024-03-12,34.88759231567383,USD,1027.199951171875
Bank of America,2024-03-13,35.00401306152344,USD,1028.0799560546875
Bank of America,2024-03-14,34.62564468383789,USD,1018.2100219726562
Bank of America,2024-03-15,34.3539924621582,USD,1019.3800048828125
Bank of America,2024-03-18,34.936100006103516,USD,1022.9199829101562
Bank of America,2024-03-19,34.955501556396484,USD,1021.6799926757812
Bank of America,2024-03-20,35.65403747558594,USD,1026.9100341796875
Bank of America,2024-03-21,36.3913688659668,USD,1049.18994140625
Bank of America,2024-03-22,35.94508361816406,USD,1046.219970703125
Bank of America,2024-03-25,35.76074981689453,USD,1042.81005859375
Bank of America,2024-03-26,35.9838981628418,USD,1049.43994140625
Bank of America,2024-03-27,36.68242263793945,USD,1055.5400390625
Bank of America,2024-03-28,36.78914260864258,USD,1054.31005859375
Bank of America,2024-04-01,36.401065826416016,USD,1047.2900390625
Bank of America,2024-04-02,36.1876335144043,USD,1049.6199951171875
Bank of America,2024-04-03,36.323455810546875,USD,1058.4000244140625
Bank of America,2024-04-04,35.81896209716797,USD,1063.18994140625
Bank of America,2024-04-05,36.003299713134766,USD,1056.280029296875
Bank of America,2024-04-08,36.38166809082031,USD,1065.6700439453125
Bank of America,2024-04-09,36.60480499267578,USD,1061.5699462890625
Bank of America,2024-04-10,35.5570182800293,USD,1052.77001953125
Bank of America,2024-04-11,35.265960693359375,USD,1041.719970703125
Bank of America,2024-04-12,34.72266387939453,USD,1030.4300537109375
Bank of America,2024-04-15,34.877891540527344,USD,1029.77001953125
Bank of America,2024-04-16,33.6457633972168,USD,1010.0499877929688
Bank of America,2024-04-17,34.179359436035156,USD,1016.5599975585938
Bank of America,2024-04-18,34.70326232910156,USD,1032.1199951171875
Bank of America,2024-04-19,35.86747360229492,USD,1038.739990234375
Bank of America,2024-04-22,36.60480499267578,USD,1052.989990234375
Bank of America,2024-04-23,37.22572326660156,USD,1066.0699462890625
Bank of America,2024-04-24,37.17721176147461,USD,1062.81005859375
Bank of America,2024-04-25,36.779441833496094,USD,1066.6199951171875
Bank of America,2024-04-26,36.70182800292969,USD,1065.8299560546875
Bank of America,2024-04-29,36.43017578125,USD,1069.1400146484375
Bank of America,2024-04-30,35.90627670288086,USD,1063.3699951171875
Bank of America,2024-05-01,35.84806823730469,USD,1062.780029296875
Bank of America,2024-05-02,35.78015899658203,USD,1070.3499755859375
Bank of America,2024-05-03,36.13912582397461,USD,1075.43994140625
Bank of America,2024-05-06,36.56599807739258,USD,1083.3399658203125
Bank of America,2024-05-07,36.711524963378906,USD,1093.1700439453125
Bank of America,2024-05-08,36.58540725708008,USD,1094.1400146484375
Bank of America,2024-05-09,37.13840103149414,USD,1103.75
Bank of America,2024-05-10,37.3033332824707,USD,1119.489990234375
Bank of America,2024-05-13,37.070491790771484,USD,1122.8499755859375
Bank of America,2024-05-14,37.34213638305664,USD,1127.52001953125
Bank of America,2024-05-15,37.74961471557617,USD,1132.9300537109375
Bank of America,2024-05-16,38.05037307739258,USD,1141.699951171875
Bank of America,2024-05-17,38.1182861328125,USD,1148.1500244140625
Bank of America,2024-05-20,37.66230392456055,USD,1148.6700439453125
Bank of America,2024-05-21,38.46754837036133,USD,1147.97998046875
Bank of America,2024-05-22,38.57426834106445,USD,1139.4000244140625
Bank of America,2024-05-23,38.001861572265625,USD,1132.3599853515625
Bank of America,2024-05-24,38.51605987548828,USD,1136.3599853515625
Bank of America,2024-05-28,38.14738464355469,USD,1137.050048828125
Bank of America,2024-05-29,37.565284729003906,USD,1120.02001953125
Bank of America,2024-05-30,37.477962493896484,USD,1121.8299560546875
Bank of America,2024-05-31,38.79740905761719,USD,1128.8299560546875
Bank of America,2024-06-03,38.69068908691406,USD,1133.6800537109375
Bank of America,2024-06-04,38.49665451049805,USD,1121.0699462890625
Bank of America,2024-06-05,38.76830291748047,USD,1115.4000244140625
Bank of America,2024-06-06,38.51605987548828,USD,1119.47998046875
Bank of America,2024-06-07,38.828399658203125,USD,1119.25
Bank of America,2024-06-10,38.721031188964844,USD,1111.5999755859375
Bank of America,2024-06-11,37.9304084777832,USD,1086.489990234375
Bank of America,2024-06-12,38.46725082397461,USD,1094.18994140625
Bank of America,2024-06-13,38.320838928222656,USD,1079.72998046875
Bank of America,2024-06-14,38.30132293701172,USD,1070.9599609375
Bank of America,2024-06-17,38.564857482910156,USD,1077.27001953125
Bank of America,2024-06-18,39.033382415771484,USD,1086.8599853515625
Bank of America,2024-06-20,39.033382415771484,USD,1097.4300537109375
Bank of America,2024-06-21,38.54534149169922,USD,1081.5999755859375
Bank of America,2024-06-24,39.062660217285156,USD,1099.0
Bank of America,2024-06-25,38.43797302246094,USD,1096.8599853515625
Bank of America,2024-06-26,38.06705856323242,USD,1093.3499755859375
Bank of America,2024-06-27,38.31107711791992,USD,1094.0899658203125
Bank of America,2024-06-28,38.81863784790039,USD,1104.4100341796875
Bank of America,2024-07-01,39.05289840698242,USD,1117.510009765625
Bank of America,2024-07-02,39.950889587402344,USD,1122.6500244140625
Bank of America,2024-07-03,39.92161178588867,USD,1131.6600341796875
Bank of America,2024-07-05,39.443328857421875,USD,1127.239990234375
Bank of America,2024-07-08,39.648311614990234,USD,1119.1800537109375
Bank of America,2024-07-09,40.429168701171875,USD,1117.5400390625
Bank of America,2024-07-10,40.741519927978516,USD,1126.6600341796875
Bank of America,2024-07-11,40.80984115600586,USD,1135.31005859375
Bank of America,2024-07-12,40.5951042175293,USD,1141.0999755859375
Bank of America,2024-07-15,40.8879280090332,USD,1144.4300537109375
Bank of America,2024-07-16,43.07434844970703,USD,1150.5999755859375
Bank of America,2024-07-17,42.92792892456055,USD,1158.239990234375
Bank of America,2024-07-18,41.981136322021484,USD,1149.1400146484375
Bank of America,2024-07-19,41.87377166748047,USD,1137.219970703125
Bank of America,2024-07-22,41.288116455078125,USD,1144.3900146484375
Bank of America,2024-07-23,41.39548873901367,USD,1151.1500244140625
Bank of America,2024-07-24,41.18075180053711,USD,1145.780029296875
Bank of America,2024-07-25,40.68294906616211,USD,1137.3199462890625
Bank of America,2024-07-26,40.673187255859375,USD,1141.5400390625
Bank of America,2024-07-29,40.10706329345703,USD,1139.43994140625
Bank of America,2024-07-30,40.292518615722656,USD,1146.1400146484375
Bank of America,2024-07-31,39.34572219848633,USD,1154.469970703125
Bank of America,2024-08-01,38.55509948730469,USD,1126.449951171875
Bank of America,2024-08-02,36.681034088134766,USD,1078.3199462890625
Bank of America,2024-08-05,35.77328109741211,USD,1038.760009765625
Bank of America,2024-08-06,36.03681945800781,USD,1040.199951171875
Bank of America,2024-08-07,36.4077262878418,USD,1058.199951171875
Bank of America,2024-08-08,37.29595947265625,USD,1063.239990234375
Bank of America,2024-08-09,37.36428451538086,USD,1073.9000244140625
Bank of America,2024-08-12,37.25691604614258,USD,1075.5400390625
Bank of America,2024-08-13,37.53997802734375,USD,1086.5999755859375
Bank of America,2024-08-14,37.88160705566406,USD,1099.1300048828125
Bank of America,2024-08-15,38.09634017944336,USD,1114.4000244140625
Bank of America,2024-08-16,38.398929595947266,USD,1129.2099609375
Bank of America,2024-08-19,38.721031188964844,USD,1138.93994140625
Bank of America,2024-08-20,37.76447677612305,USD,1133.4200439453125
Bank of America,2024-08-21,37.823036193847656,USD,1130.6400146484375
Bank of America,2024-08-22,38.30132293701172,USD,1135.8800048828125
Bank of America,2024-08-23,38.81863784790039,USD,1152.1600341796875
Bank of America,2024-08-26,38.96505355834961,USD,1151.300048828125
Bank of America,2024-08-27,38.721031188964844,USD,1158.6199951171875
Bank of America,2024-08-28,38.99433517456055,USD,1155.4100341796875
Bank of America,2024-08-29,39.20907211303711,USD,1149.010009765625
Bank of America,2024-08-30,39.77519989013672,USD,1152.510009765625
Bank of America,2024-09-03,39.72639846801758,USD,1137.3499755859375
Bank of America,2024-09-04,39.53118133544922,USD,1132.550048828125
Bank of America,2024-09-05,39.179786682128906,USD,1132.8599853515625
Bank of America,2024-09-06,38.07945251464844,USD,1117.0999755859375
Bank of America,2024-09-09,38.77699279785156,USD,1120.8299560546875
Bank of America,2024-09-10,38.59032440185547,USD,1106.530029296875
Bank of America,2024-09-11,38.315242767333984,USD,1101.2099609375
Bank of America,2024-09-12,38.09910583496094,USD,1110.8499755859375
Bank of America,2024-09-13,37.97138595581055,USD,1121.68994140625
Bank of America,2024-09-16,38.41348648071289,USD,1130.0999755859375
Bank of America,2024-09-17,38.85558319091797,USD,1138.06005859375
Bank of America,2024-09-18,38.92435836791992,USD,1137.510009765625
Bank of America,2024-09-19,40.152408599853516,USD,1155.4599609375
Bank of America,2024-09-20,39.56294631958008,USD,1155.239990234375
Bank of America,2024-09-23,39.16996765136719,USD,1155.199951171875
Bank of America,2024-09-24,38.75733947753906,USD,1168.56005859375
Bank of America,2024-09-25,38.56085205078125,USD,1162.2900390625
Bank of America,2024-09-26,38.826114654541016,USD,1184.7099609375
Bank of America,2024-09-27,38.708221435546875,USD,1177.06005859375
Bank of America,2024-09-30,38.98330307006836,USD,1171.1199951171875
Bank of America,2024-10-01,38.53137969970703,USD,1159.1400146484375
Bank of America,2024-10-02,38.541202545166016,USD,1164.6600341796875
Bank of America,2024-10-03,38.56085205078125,USD,1155.9100341796875
Bank of America,2024-10-04,39.4057502746582,USD,1174.68994140625
Bank of America,2024-10-07,39.25838851928711,USD,1186.8399658203125
Bank of America,2024-10-08,39.22891616821289,USD,1168.260009765625
Bank of America,2024-10-09,39.48434829711914,USD,1167.9000244140625
Bank of America,2024-10-10,39.268211364746094,USD,1174.239990234375
Bank of America,2024-10-11,41.21344757080078,USD,1188.8399658203125
Bank of America,2024-10-14,41.17415237426758,USD,1198.989990234375
Bank of America,2024-10-15,41.400108337402344,USD,1195.8299560546875
Bank of America,2024-10-16,42.04852294921875,USD,1207.4100341796875
Bank of America,2024-10-17,41.85203170776367,USD,1210.5400390625
Bank of America,2024-10-18,41.57694625854492,USD,1219.010009765625
Bank of America,2024-10-21,41.02677917480469,USD,1202.8800048828125
Bank of America,2024-10-22,41.55730056762695,USD,1204.3299560546875
Bank of America,2024-10-23,41.59659957885742,USD,1198.6300048828125
Bank of America,2024-10-24,41.90115737915039,USD,1204.5699462890625
Bank of America,2024-10-25,41.15449905395508,USD,1194.9599609375
Bank of America,2024-10-28,41.871681213378906,USD,1205.760009765625
Bank of America,2024-10-29,41.78326416015625,USD,1207.949951171875
Bank of America,2024-10-30,41.5671272277832,USD,1204.3299560546875
Bank of America,2024-10-31,41.08572769165039,USD,1199.3900146484375
Bank of America,2024-11-01,41.02677917480469,USD,1210.010009765625
Bank of America,2024-11-04,40.60433578491211,USD,1208.75
Bank of America,2024-11-05,41.144676208496094,USD,1220.219970703125
Bank of America,2024-11-06,44.61269760131836,USD,1254.0699462890625
Bank of America,2024-11-07,43.98393630981445,USD,1254.6800537109375
Bank of America,2024-11-08,44.337615966796875,USD,1246.550048828125
Bank of America,2024-11-11,45.27093505859375,USD,1253.449951171875
Bank of America,2024-11-12,45.0547981262207,USD,1238.5799560546875
Bank of America,2024-11-13,45.06461715698242,USD,1236.1300048828125
Bank of America,2024-11-14,45.09409713745117,USD,1235.1300048828125
Bank of America,2024-11-15,45.929168701171875,USD,1245.9200439453125
Bank of America,2024-11-18,45.899696350097656,USD,1256.1600341796875
Bank of America,2024-11-19,45.59513854980469,USD,1251.969970703125
Bank of America,2024-11-20,45.251285552978516,USD,1245.47998046875
Bank of America,2024-11-21,45.64426040649414,USD,1254.530029296875
Bank of America,2024-11-22,46.17477798461914,USD,1246.06005859375
Bank of America,2024-11-25,46.6660041809082,USD,1254.8399658203125
Bank of America,2024-11-26,46.9116096496582,USD,1247.449951171875
Bank of America,2024-11-27,46.9312629699707,USD,1251.47998046875
Bank of America,2024-11-29,46.67582321166992,USD,1259.469970703125
Bank of America,2024-12-02,46.214080810546875,USD,1259.1400146484375
Bank of America,2024-12-03,45.99794387817383,USD,1267.77001953125
Bank of America,2024-12-04,45.55583953857422,USD,1263.22998046875
Bank of America,2024-12-05,46.17477798461914,USD,1274.5999755859375
Bank of America,2024-12-06,46.18465805053711,USD,1274.8699951171875
Bank of America,2024-12-09,45.35481643676758,USD,1282.1800537109375
Bank of America,2024-12-10,45.19675064086914,USD,1274.56005859375
Bank of America,2024-12-11,45.522762298583984,USD,1274.219970703125
Bank of America,2024-12-12,45.522762298583984,USD,1276.75
Bank of America,2024-12-13,45.117713928222656,USD,1267.8800048828125
Bank of America,2024-12-16,44.92013931274414,USD,1273.2099609375
Bank of America,2024-12-17,44.505218505859375,USD,1259.4300537109375
Bank of America,2024-12-18,42.973960876464844,USD,1245.3399658203125
Bank of America,2024-12-19,42.855411529541016,USD,1234.4300537109375
Bank of America,2024-12-20,43.63585662841797,USD,1236.5
Bank of America,2024-12-23,43.35924530029297,USD,1246.8699951171875
Bank of America,2024-12-24,43.843318939208984,USD,1259.9200439453125
Bank of America,2024-12-26,44.01126480102539,USD,1260.7900390625
Bank of America,2024-12-27,43.803802490234375,USD,1265.6099853515625
Bank of America,2024-12-30,43.37900161743164,USD,1263.0
Bank of America,2024-12-31,43.41851806640625,USD,1266.27001953125
Bank of America,2025-01-02,43.7544059753418,USD,1249.5400390625
Bank of America,2025-01-03,44.26811981201172,USD,1256.010009765625
Bank of America,2025-01-06,44.850982666015625,USD,1273.4100341796875
Bank of America,2025-01-07,45.522762298583984,USD,1274.18994140625
Bank of America,2025-01-08,45.651187896728516,USD,1272.8599853515625
Bank of America,2025-01-10,44.564491271972656,USD,1251.97998046875
Bank of America,2025-01-13,44.51509475708008,USD,1251.1800537109375
Bank of America,2025-01-14,45.22639083862305,USD,1263.25
Bank of America,2025-01-15,46.530426025390625,USD,1303.0799560546875
Bank of America,2025-01-16,46.07598876953125,USD,1310.489990234375
Bank of America,2025-01-17,45.96731948852539,USD,1315.3299560546875
Bank of America,2025-01-21,46.09574890136719,USD,1335.68994140625
Bank of America,2025-01-22,45.23626708984375,USD,1324.949951171875
Bank of America,2025-01-23,45.82901382446289,USD,1340.3599853515625
Bank of America,2025-01-24,45.95743942260742,USD,1348.550048828125
Bank of America,2025-01-27,46.520545959472656,USD,1356.3199462890625
Bank of America,2025-01-28,46.2735710144043,USD,1356.8399658203125
Bank of America,2025-01-29,46.18465805053711,USD,1365.0999755859375
Bank of America,2025-01-30,46.15502166748047,USD,1370.969970703125
Bank of America,2025-01-31,45.7401008605957,USD,1365.97998046875
Bank of America,2025-02-03,45.651187896728516,USD,1340.56005859375
Bank of America,2025-02-04,46.1451416015625,USD,1351.97998046875
Bank of America,2025-02-05,46.540306091308594,USD,1362.31005859375
Bank of America,2025-02-06,47.16268539428711,USD,1386.8699951171875
Bank of America,2025-02-07,46.82679748535156,USD,1383.1099853515625
Bank of America,2025-02-10,46.105621337890625,USD,1376.3299560546875
Bank of America,2025-02-11,46.22417449951172,USD,1387.68994140625
Bank of America,2025-02-12,45.651187896728516,USD,1396.3699951171875
Bank of America,2025-02-13,45.769737243652344,USD,1401.260009765625
Bank of America,2025-02-14,46.392120361328125,USD,1416.7900390625
Bank of America,2025-02-18,45.96731948852539,USD,1442.6800537109375
Bank of America,2025-02-19,45.45360565185547,USD,1431.97998046875
Bank of America,2025-02-20,44.752193450927734,USD,1418.72998046875
Bank of America,2025-02-21,44.26811981201172,USD,1417.8699951171875
Bank of America,2025-02-24,43.9223518371582,USD,1414.3199462890625
Bank of America,2025-02-25,43.40863800048828,USD,1415.93994140625
Bank of America,2025-02-26,43.40863800048828,USD,1433.219970703125
Bank of America,2025-02-27,43.58646011352539,USD,1426.719970703125
Bank of America,2025-02-28,45.54251480102539,USD,1434.6700439453125
Bank of America,2025-03-03,45.00904846191406,USD,1441.1099853515625
Bank of America,2025-03-04,42.153995513916016,USD,1396.06005859375
Bank of America,2025-03-05,41.778594970703125,USD,1436.3900146484375
Bank of America,2025-03-06,40.95862579345703,USD,1441.239990234375
Bank of America,2025-03-07,41.1574592590332,USD,1432.699951171875
Bank of America,2025-03-10,39.596656799316406,USD,1391.300048828125
Bank of America,2025-03-11,39.37794494628906,USD,1377.3399658203125
Bank of America,2025-03-12,39.67618942260742,USD,1392.6600341796875
Bank of America,2025-03-13,39.437591552734375,USD,1387.27001953125
Bank of America,2025-03-14,40.650447845458984,USD,1419.1199951171875
Bank of America,2025-03-17,41.19722366333008,USD,1434.9200439453125
Bank of America,2025-03-18,41.4059944152832,USD,1458.5999755859375
Bank of America,2025-03-19,41.962711334228516,USD,1462.9599609375
Bank of America,2025-03-20,42.23113250732422,USD,1451.52001953125
Bank of America,2025-03-21,42.22119140625,USD,1452.75
Bank of America,2025-03-24,42.81767654418945,USD,1469.7099609375
Bank of America,2025-03-25,43.02644348144531,USD,1478.47998046875
Bank of America,2025-03-26,42.56914138793945,USD,1467.8800048828125
Bank of America,2025-03-27,42.310665130615234,USD,1453.739990234375
Bank of America,2025-03-28,41.008338928222656,USD,1425.300048828125
Bank of America,2025-03-31,41.48552703857422,USD,1415.97998046875
Bank of America,2025-04-01,41.24693298339844,USD,1418.550048828125
Bank of America,2025-04-02,41.604820251464844,USD,1427.1199951171875
Bank of America,2025-04-03,37.001949310302734,USD,1336.81005859375
Bank of America,2025-04-04,34.18852615356445,USD,1267.3199462890625
Bank of America,2025-04-07,35.37155532836914,USD,1215.6300048828125
Bank of America,2025-04-08,34.82477569580078,USD,1235.3299560546875
Bank of America,2025-04-09,36.93235778808594,USD,1255.6600341796875
Bank of America,2025-04-10,35.63997268676758,USD,1276.3199462890625
Bank of America,2025-04-11,35.73938751220703,USD,1289.9599609375
Bank of America,2025-04-14,36.45516586303711,USD,1321.9300537109375
Bank of America,2025-04-15,37.76743698120117,USD,1343.3900146484375
Bank of America,2025-04-16,37.111305236816406,USD,1330.199951171875
Bank of America,2025-04-17,37.190834045410156,USD,1338.43994140625
Bank of America,2025-04-21,36.703704833984375,USD,1337.93994140625
Bank of America,2025-04-22,38.09550094604492,USD,1358.239990234375
Bank of America,2025-04-23,38.52298355102539,USD,1385.3800048828125
Bank of America,2025-04-24,39.348121643066406,USD,1394.5899658203125
Bank of America,2025-04-25,39.45747375488281,USD,1401.1600341796875
Bank of America,2025-04-28,39.54694747924805,USD,1413.47998046875
Bank of America,2025-04-29,39.75572204589844,USD,1424.550048828125
Bank of America,2025-04-30,39.646366119384766,USD,1413.6500244140625
Bank of America,2025-05-01,39.934661865234375,USD,1408.4000244140625
Bank of America,2025-05-02,40.82939147949219,USD,1434.3800048828125
Bank of America,2025-05-05,40.87909698486328,USD,1433.6300048828125
Bank of America,2025-05-06,40.600738525390625,USD,1426.800048828125
Bank of America,2025-05-07,40.69021224975586,USD,1432.52001953125
Bank of America,2025-05-08,41.356285095214844,USD,1444.72998046875
Bank of America,2025-05-09,41.54517364501953,USD,1454.9300537109375
Bank of America,2025-05-12,43.10597610473633,USD,1480.760009765625
Bank of America,2025-05-13,44.02058410644531,USD,1497.719970703125
Bank of America,2025-05-14,44.4778938293457,USD,1515.1800537109375
Bank of America,2025-05-15,44.12000274658203,USD,1516.52001953125
Bank of America,2025-05-16,44.428184509277344,USD,1516.1600341796875
Bank of America,2025-05-19,44.50771713256836,USD,1519.06005859375
Bank of America,2025-05-20,44.428184509277344,USD,1524.5899658203125
Bank of America,2025-05-21,42.996620178222656,USD,1518.6600341796875
Bank of America,2025-05-22,43.056270599365234,USD,1517.8299560546875
Bank of America,2025-05-23,42.94691467285156,USD,1513.3900146484375
Bank of America,2025-05-27,43.9609375,USD,1528.280029296875
Bank of America,2025-05-28,43.801876068115234,USD,1515.6400146484375
Bank of America,2025-05-29,43.9808235168457,USD,1524.050048828125
Bank of America,2025-05-30,43.87146759033203,USD,1522.9200439453125
Bank of America,2025-06-02,43.82175827026367,USD,1523.739990234375
Bank of America,2025-06-03,44.38842010498047,USD,1535.27001953125
Bank of America,2025-06-04,44.10011672973633,USD,1532.0
Bank of America,2025-06-05,44.12000274658203,USD,1539.030029296875
Bank of America,2025-06-06,44.970001220703125,USD,1550.43994140625
Bank of America,2025-06-09,44.869998931884766,USD,1557.31005859375
Bank of America,2025-06-10,45.09000015258789,USD,1546.5799560546875
Bank of America,2025-06-11,44.72999954223633,USD,1552.93994140625
Bank of America,2025-06-12,44.619998931884766,USD,1558.3199462890625
Bank of America,2025-06-13,44.09000015258789,USD,1536.510009765625
Bank of America,2025-06-16,44.40999984741211,USD,1563.030029296875
Bank of America,2025-06-17,44.22999954223633,USD,1542.31005859375
Bank of America,2025-06-18,45.060001373291016,USD,1553.3900146484375
Bank of America,2025-06-20,45.5,USD,1549.1500244140625
